{
  "version" : 2,
  "rectTool" : {
    "fillColor" : "#db000e",
    "fillOpacity" : 0,
    "borderColor" : "#db000e",
    "borderSize" : 4
  },
  "ovalTool" : {
    "fillColor" : "#db000e",
    "fillOpacity" : 0,
    "borderColor" : "#db000e",
    "borderSize" : 4
  },
  "lineTool" : {
    "color" : "#db000e",
    "opacity" : 1,
    "size" : 4
  },
  "arrowTool" : {
    "color" : "#db000e",
    "opacity" : 1,
    "size" : 4,
    "headArrowType" : 0,
    "lineType" : 0,
    "endArrowType" : 1
  },
  "freeHandTool" : {
    "color" : "#db000e",
    "size" : 4,
    "opacity" : 1
  },
  "blurTool" : {
    "intensity" : 7
  },
  "textTool" : {
    "color" : "#db000e",
    "size" : 20
  },
  "stepTool" : {
    "color" : "#db000e",
    "size" : 20
  },
  "highlightTool" : {
    "fillColor" : "#191919",
    "fillOpacity" : 0.5,
    "borderColor" : "#626671",
    "borderSize" : 1
  }
}